,0
0,-7.843120387401911
1,-2.953492034604462
2,5.559901792799008
3,5.07848388430256
4,6.483979960158593
5,9.540792849443765
6,4.267261229016576
7,0.7386981396476271
8,-5.314626073011345
9,-5.416605868001883
10,-0.4190408209204961
11,-2.2184213684760294
12,-5.070458209528184
13,-3.0917239779319923
14,-12.867570363440521
15,-10.10975936372685
16,-1.5760447518396
17,-13.90486045062533
18,0.9769951910177213
19,1.63720097030592
20,6.75643788219382
21,0.5078792421284637
22,6.649386768218636
23,6.65164686254675
24,9.947339323007046
25,11.702997500466997
26,1.9468801232482749
27,8.049099859673083
28,11.96324705615283
29,3.804305261169789
30,6.653699255176271
31,-4.436875151176396
32,-7.466518150978571
33,-0.4686478557055578
34,0.4689719094677821
35,7.755444851418058
36,-8.162864974498365
37,-5.777395421098976
38,0.44679174949024825
39,-2.3739793649164547
40,0.48247675225628806
41,4.890722420287677
42,3.611793884717494
43,0.24975722270706413
44,-7.106614549113103
45,-3.2253189716391075
46,-2.916061268676212
47,-5.389145283563318
48,-2.9238316539458995
49,-5.1470920633353865
50,-10.228670389738257
51,-13.362487342586135
52,-10.436298709801115
53,-6.635137644033865
54,-8.305875276883397
55,-6.857486556473803
56,-6.6701268533131
57,-5.869016313278334
58,-7.19081710768552
59,-3.812541540963365
60,1.5154953143748386
61,6.993332457960953
62,11.844205079581727
63,5.53956849608328
64,11.038011416504183
65,16.33787197712267
66,11.78295388893514
67,12.854847151813608
68,5.5264268668504535
69,0.3178233213946031
70,2.226449649637022
71,3.3766811712970606
72,-6.270592595125645
73,1.4122933968881548
74,5.554902101561316
75,5.687557831485529
76,11.10141426287671
77,11.39581779983855
78,13.406443590563745
79,5.23988001473465
80,7.88559151844469
81,1.0689037610340542
82,0.45768734414855494
83,2.80277708400821
84,-2.823872301128807
85,-3.507558003058099
86,1.3408737162364002
87,2.74933527505019
88,0.2484180515922254
89,-0.547895159849431
90,3.790218366623071
91,-2.5465733151125427
92,-5.125298659573476
93,1.6394265214307717
94,-7.697683934559315
95,-11.575969222048823
96,-10.46737806299873
97,-14.462928502135698
98,-17.864015354974963
99,-17.59796440727402
100,-8.938082590569767
101,-5.830190142657835
102,-4.1332674686771
103,-14.288957947498954
104,-11.64313571989999
105,-7.77147917368662
106,-7.673491069044758
107,-12.094032512674733
108,-14.331791800425322
109,-7.590550661109807
110,-2.694064930487963
111,-4.448268539575477
112,5.829428655858678
113,8.666685361574874
114,3.550673843453797
115,9.36150363907706
116,6.932065623937657
117,10.700699992433655
118,11.502894818167803
119,10.611275157516003
120,7.9977361545111165
121,9.35063704009729
122,5.02854076969421
123,0.6728881860550215
124,7.838731718917317
125,7.036632808542045
126,5.789438623335999
127,7.248640812906563
128,10.990282249301877
129,4.673259965949061
130,9.939574582829238
131,10.397282087279818
132,9.851930537623144
133,12.426578214595978
134,8.607011702823353
135,3.909317292026235
136,0.2670048622276626
137,-0.5528268040271684
138,-5.058397084910554
139,2.4950796298274387
140,3.7527593916379773
141,0.0018527005698207866
142,3.0361168936576313
143,3.1138368543705024
144,-0.3649352590886443
145,-0.7126441522521909
146,-7.9800119068261495
147,-7.696430208374874
148,-11.433688122200042
149,-8.694547657735244
150,-0.0020341522732447714
151,-13.344369646217205
152,-4.75419326030595
153,1.4141334209382785
154,-7.7667075323546655
155,-8.49370981058314
156,-8.104624051802217
157,-6.194531908216603
158,-10.054959979470386
159,-16.49192141271987
160,-6.084946444086748
161,-1.4647980112905412
162,-0.34704935881618537
163,4.062107928354151
164,1.7963485708136606
165,-7.7018937323948515
166,-2.3136229548877942
167,-6.17748668223698
168,-2.9180643956942074
169,0.6240956427465019
170,1.5210318140515067
171,1.742034376193169
172,4.458889798056103
173,8.079907052027922
174,8.912223531467593
175,7.78569182859479
176,5.249808435487092
177,3.8938941032957524
178,3.7743926407239483
179,2.7557360869845806
180,4.994666281894689
181,-0.07859570118046699
182,4.364228169908462
183,7.196616795348811
184,-2.781341267265433
185,4.694151545879636
186,1.632783658742739
187,-4.766665755250418
188,-12.19206309838939
189,-14.524233749461843
190,-13.3504638982769
191,-10.305035997504884
192,-10.537844025186681
193,-4.401012638702585
194,2.0236807250243003
195,2.8471110805833724
196,-3.1530778814994895
197,-1.7751563337580754
198,-1.9340327757760867
199,1.387793042393431
200,2.674352927972046
201,0.7061358247799272
202,12.116558387725345
203,14.975368689691575
204,13.225676261020837
205,10.126249025196826
206,7.434388917706185
207,4.521497335030887
208,1.1118294932067325
209,-0.016114357274339408
210,7.945346774472133
211,6.652961265913606
212,14.073158851263969
213,10.041383234544565
214,-0.6461121715770721
215,1.7485780993782418
216,-1.9037913071969417
217,-2.7438967824556775
218,-7.331711826637654
219,-0.4422385663148629
220,0.49764023551203007
221,8.566581385797669
222,9.114620410537748
223,12.741273121473734
224,3.981074792238962
225,8.280750275570373
226,4.34374545323849
227,0.21180029228739805
228,-5.904358774193566
229,-13.456987501799688
230,-10.117153725083192
231,-12.843410292940181
232,-13.262885041469673
233,-7.289989794530699
234,-9.003595163209194
235,-6.802178045545117
236,-7.760063274753202
237,-13.891944848679117
238,-18.461320133956917
239,-10.596342098938491
240,-7.680498164235265
241,-7.132320462204401
242,-10.380350331254487
243,-2.2066286779826934
244,-3.2023572101882354
245,-0.8145555165739824
246,3.110667012886239
247,3.3012259422452455
248,12.629402793183282
249,10.200793227975275
250,5.503783808992735
251,7.426227306749821
252,1.6486973996546324
253,6.133723705139769
254,3.137302065950279
255,2.6443697016628835
256,-7.131524260358556
257,-5.230490200341851
258,-2.3240622367316757
259,-3.0813128836472528
260,1.2519322832892956
261,-4.210748079430342
262,-5.169321573280761
263,1.2024285991918697
264,0.09154112391280389
265,9.94261696898448
266,9.45227353368106
267,9.771529861381484
268,13.050834452391504
269,11.21461015220858
270,11.488770783738875
271,3.5364609326768974
272,4.7703999652447395
273,8.292773463965274
274,6.526705730080955
275,4.76590019132664
276,1.7899357603318533
277,-1.2320146160395948
278,-7.286825396331489
279,-7.384921042712895
280,-6.861763912947393
281,-12.19935787591995
282,-3.078508288753115
283,-9.909099840851981
284,-7.412864846600481
285,-1.4743487318594437
286,-0.33520620033462634
287,2.9949835625373957
288,4.841463887308141
289,1.6136777131067341
290,4.9149681592192165
291,1.958411323793095
292,1.27770932179649
293,-0.7319266841380565
294,-4.618387609471142
295,-1.5907279881246383
296,-3.656150532251593
297,-4.3526388368904865
298,-3.913294405954136
299,-6.047772799438963
300,-3.160804245133774
301,-4.3187879624946515
302,-1.417348530949793
303,6.8229009718567655
304,-13.70885593742189
305,-8.081655346101437
306,-3.514931748083203
307,-2.897153701124835
308,4.422253857934459
309,8.247217662912497
310,15.954359728062846
311,13.543885868119315
312,8.742821514439779
313,4.232383353116189
314,5.352167265132394
315,10.146491449356846
316,5.535657119526627
317,-4.776421621215264
318,-2.1348221570396815
319,-3.2150021891150242
320,-3.3346982237978886
321,-10.340558538900815
322,-6.9975773159324275
323,-11.928849945575049
324,-7.612228526614959
325,-17.579993936264604
326,-4.604845485654148
327,4.286048304091645
328,4.716914504456321
329,3.009123652679312
330,9.548692151012474
331,10.291840073891478
332,13.680789445221631
333,15.654377865391883
334,16.965808880162832
335,13.663816315895494
336,11.818427958367067
337,7.730882874953238
338,0.07807558656283753
339,-5.024065183473507
340,-7.551402160268543
341,-9.283523197417118
342,-3.8091537657772783
343,-4.39521268890894
344,-16.985900719303107
345,-13.949759093747401
346,-19.49317971402798
347,-16.064851357530358
348,-12.307051733997783
349,-9.983849069940595
350,-5.896726316118249
351,-1.9858414306817203
352,4.3853385670785565
353,9.118854393737388
354,7.469727398703718
355,12.501232528811713
356,12.397205716645058
357,6.177203690205015
358,-0.5371235449991474
359,-3.163434247005925
360,-0.06574615009186802
361,2.3178746832708055
362,-14.65103265273172
363,-0.6965480907309356
364,0.6315894145008536
365,1.544733861145907
366,1.3816455327898407
367,-2.803114899427977
368,-0.6797345962624863
369,0.17270423383820566
370,-4.403453755613376
371,-5.025323286189157
372,-2.445029429785833
373,4.332944621276518
374,4.610749055335383
375,4.4883212834608415
376,4.39734653229549
377,6.866840914421708
378,5.54858440829764
379,-4.853425930806596
380,-5.871653862472219
381,-4.308678543864388
382,-1.9981844452188668
383,0.1333166252139666
384,-5.188868630778385
385,-6.7660044668909105
386,-5.56038743114382
387,2.379651360103546
388,2.730195602672384
389,4.919468482126426
390,2.780622892668765
391,-6.542992890867758
392,-6.02827490339589
393,0.596114188439727
394,3.3253075775058196
395,4.291545098848658
396,6.444581516315958
397,8.138789050234156
398,11.578888945355565
399,14.349638094183206
400,15.514276509363539
401,7.568719768994702
402,11.740963027003653
403,2.5480677469719257
404,-0.20260474529965267
405,1.9600048899608002
406,0.08695545849690323
407,0.3538393299191829
408,-7.787772030498476
409,-7.287796965756858
410,0.17053672044006163
411,3.260944787962157
412,-0.20883547250190826
413,-2.5699608328543637
414,-2.5645231023556243
415,2.1901211442922164
416,3.5715865972022978
417,5.300752566226577
418,3.950271337927129
419,1.4694846977276175
420,2.7615507847810092
421,1.0669859159506914
422,0.21102283642566766
423,-1.2912716124678254
424,-11.678856847931371
425,-10.41204019388638
426,-17.05435219624689
427,-18.57398430442276
428,-11.786432413301252
429,-12.026196734243229
430,-6.670586713008824
431,-3.315870454996632
432,-6.177460425834011
433,-5.540915703548897
434,-7.474652774516738
435,-9.062648516608945
436,-9.415680799703132
437,-1.8384833493067152
438,7.273940012422663
439,-0.02819531213132631
440,7.594970756404212
441,9.630749394848577
442,10.412979727107064
443,13.272468413838784
444,8.897745114160902
445,10.101511186950319
446,7.381871279078918
447,-1.6260859051327463
448,3.0563925593653045
449,-0.7124211412559558
450,-0.2115191575086255
451,-1.7347988586811915
452,3.263171147198537
453,-0.49346990775348465
454,-2.6695434162815115
455,-5.833281579498785
456,-4.330470605376739
457,-10.350698719539038
458,-5.104274067301257
459,-1.0703418689868318
460,4.8965279940176165
461,10.78755424528583
462,10.280032384403079
463,11.411084210362649
464,11.769247006353392
465,10.469174197680857
466,4.842373762548874
467,-1.404623641897218
468,4.931350513458996
469,5.525651081878031
470,3.7957106138757952
471,-6.780920014832098
472,-6.083304440828411
473,-11.239995883420349
474,-16.800608146249516
475,-13.283193491388426
476,-15.145178237281257
477,-11.482254817039975
478,-9.375540768146186
479,-8.81968610590774
480,-7.767712950214582
481,-7.088672670239829
482,-3.728137559588382
483,-7.5892175268890405
484,-6.5642998624289115
485,0.9249402529687476
486,-5.598695125890154
487,-2.742589648718625
488,3.3590113166308546
489,-2.191950227276727
490,15.583720616330911
491,17.063559443212828
492,17.473268123955563
493,16.446428908959717
494,19.43787193644509
495,21.714455768583925
496,17.83962972109635
497,17.499023662966824
498,13.5344602912832
499,7.0896905020658645
500,5.985565039609322
501,1.8550267055285712
502,-0.2752076638916785
503,1.8082317214492665
504,-4.6273127341169955
505,-6.2067420970939935
506,-11.6824209550259
507,-5.110017323095585
508,-4.8303253087013776
509,3.4046347385963562
510,2.8874205596184197
511,1.424883500800111
512,-3.0205032469117636
513,-8.121829125724888
514,-4.663458232552247
515,-7.908542599085894
516,-14.581603276509092
517,-11.5163472646332
518,-7.7865875446105175
519,-3.1132477166669865
520,-3.263337094511154
521,2.9595821465593337
522,5.7882433029706455
523,6.5579794894159775
524,5.5848131031956525
525,4.176332853567878
526,2.3035980824217672
527,-1.3002360343242776
528,4.8745134285490845
529,1.7977886628671056
530,-2.566012096713931
531,-3.9961010942246884
532,-3.5809909432542586
533,-5.385826723793976
534,-4.068895582301142
535,0.8036663096520056
536,1.3798178487036208
537,3.043012190601438
538,-15.27080231886925
539,-11.033420312471124
540,-11.457160603376458
541,-12.089400949655003
542,-13.101383605359459
543,-11.252024310516843
544,-12.046990926850144
545,-3.41382509246293
546,0.21088191589525263
547,4.505189509849822
548,4.2290457969141775
549,2.806516762522371
550,3.244818306153044
551,4.671637134662683
552,6.38438714369299
553,6.134196449155751
554,8.314078116211286
555,-1.9864925460142255
556,4.273603890358427
557,5.2098900226116935
558,-1.9384472114061158
559,0.030831652400933773
560,3.9647974495009075
561,-9.20254062845596
562,-0.8381678089061859
563,0.906144284429028
564,-0.3319266556549607
565,2.7772526383790836
566,7.743666071560642
567,10.96620113082091
568,14.311089761696683
569,0.17870492099413138
570,1.0695402865722337
571,-3.244265483701053
572,3.0167987349900494
573,-7.7421671488685755
574,-4.999343705268545
575,-6.269740016822515
576,-6.669223361860374
577,-4.247706204072703
578,-3.26547114430649
579,-0.3341594119451434
580,-1.173035095955738
581,4.702290847800907
582,2.505118917091582
583,-2.483734276671578
584,1.7495721040989793
585,6.135018136878582
586,7.19158738986381
587,9.197646199067862
588,3.6702774111005994
589,12.939928997217335
590,11.03920171489829
591,12.685343573749178
592,9.344198353715983
593,11.311599001886895
594,9.903052402519206
595,6.263919088499181
596,-2.2646433390884537
597,-1.5444522082987424
598,-4.904683447890179
599,-11.304702692896075
600,-6.679300054826648
601,-5.974543126589084
602,-3.951340940133252
603,0.3548270948700778
604,9.490620864324331
605,-7.817878247698267
606,-5.57483397102325
607,-4.9159222334569295
608,-9.518549535703215
609,-3.1379787097519136
610,3.4954030566954684
611,1.956273900170789
612,7.175943484023098
613,1.170580303949606
614,2.7534405247787244
615,2.7622739798431404
616,-5.816758620107685
617,1.4222086098218694
618,-3.999238246873763
619,-6.980147835085053
620,1.5556885247023482
621,-10.69330110263928
622,-0.9599896827106946
623,-1.8121032510594612
624,-0.9394177249550533
625,-0.9682097084939457
626,-3.099118266546235
627,2.6983190258599983
628,3.414240118088429
629,3.3295097394505295
630,7.991945127008654
631,6.426707851710168
632,4.785949969266827
633,2.30871124162144
634,2.425862144655608
635,3.776518093674605
636,-5.0261100835290335
637,-7.7291386831073545
638,-5.900634555013285
639,-3.555658676234245
640,-4.120782169314052
641,-8.060913263270875
642,-6.693580741197158
643,-7.854277979995366
644,-8.551817381148147
645,-3.271660794963071
646,-0.4673749534409639
647,-2.2852126203366434
648,-4.6379715302394295
649,-3.9328481256045524
650,-2.0056432009627576
651,-4.430692894786169
652,-2.9833120014937298
653,-0.3901885105675076
654,-7.827167522471852
655,-2.8134222990586495
656,-7.353017639788762
657,-10.397553572138786
658,-7.689340186157184
659,-7.415613510068269
660,-9.341404769225413
661,-5.538206243669716
662,-3.4736347244578525
663,-2.5778019255532714
664,-6.102022772415825
665,-0.3341021504527997
666,2.39552793117753
667,-1.6106156834935121
668,0.2529464835932007
669,7.556328637150772
670,11.65250294021143
671,13.6257886803714
672,7.565146395464849
673,12.149628700353283
674,9.179918737484568
675,10.768903833311393
676,10.816228010589356
677,15.69689544685522
678,16.23191091416161
679,15.212390948656143
680,10.748427759661356
681,4.305247521282711
682,5.044931495603623
683,1.5396850440173755
684,-0.2861437514650347
685,8.180254009266424
686,7.3006408435773045
687,9.005397756649401
688,7.027691965420768
689,0.27481271557458564
690,-0.08801923430698033
691,-7.552916621381434
692,-9.35339935568318
693,-8.445928747261423
694,-7.28989201456719
695,-3.293609702873418
696,2.608335824542486
697,2.238984401491941
698,3.6567775872919093
699,3.5311785398411444
700,3.5919223824153264
701,5.931530617225029
702,4.1599710918730395
703,6.552382073050765
704,3.7035935631292007
705,2.075311809069209
706,-1.1655065991682863
707,-3.2538756875309116
708,-1.9785857139651315
709,-2.860345024458666
710,-1.1541389851930501
711,-1.6790355307543723
712,-4.493041261230826
713,-9.700426613091414
714,-4.92072270635379
715,-12.349818272835172
716,-6.786052613290485
717,-5.613391896210381
718,-5.667842559018123
719,-5.32300290999369
720,-3.8260925049846
721,-5.557351834503407
722,-1.3629004722508518
723,-3.586163599848236
724,-9.204934446099111
725,-5.6238791772267795
726,-6.599830111141652
727,-2.846795542267371
728,-2.814669120143097
729,-1.658273521653772
730,0.7704350405976002
731,-2.345465680835474
732,-7.783147439960411
733,-9.633402870438706
734,-4.953625168831301
735,1.277954932566661
736,2.407183992132055
737,4.317188973143131
738,12.441307838595037
739,4.919636281593549
740,5.80930548438994
741,1.7084784290147723
742,7.145446727087158
743,4.130646560357913
744,3.5513221316257684
745,6.032825139607999
746,-0.9885969024867649
747,1.3701889009879595
748,-0.2476977519388992
749,-0.9430553879333254
750,-4.277069251871992
751,4.261576163256941
752,6.401508584569885
753,5.853220609414438
754,3.1143497298534397
755,0.6625615728196408
756,-7.194902287531461
757,-5.6244321814922555
758,-2.265273077207019
759,0.27757346856581666
760,-0.22628882037672576
761,-3.2081474641568075
762,-3.16163244844133
763,2.474529325759597
764,1.5357843929186603
765,-0.7777927572413155
766,2.0401596743827595
767,1.5909558966149504
768,-2.8284695417575985
769,-3.410700355895805
770,-0.5239418953614416
771,-1.8671609711885493
772,2.141991875928511
773,-0.7760917859582717
774,-3.503119870210496
775,5.301282525537252
776,3.4282608043453253
777,2.0236250024616362
778,1.7276401824066459
779,1.2118313241581729
780,5.556313898422872
781,3.613003242577718
782,5.963972973989151
783,2.235354512091901
784,11.726245451837752
785,8.781054979498556
786,0.05999403945388515
787,-2.6834438591875713
788,2.1718302915813528
789,2.920503109263512
790,-0.6518503002971734
791,-2.5322410903576262
792,-1.5575216032581847
793,-2.0520618637043504
794,-8.241629979794695
795,-7.197181256894112
796,-12.14832393416671
797,-5.938110364604727
798,-13.338921208715831
799,-13.826706335510156
800,-10.037408674407569
801,-11.53947301489806
802,-9.673704328438474
803,-4.102143361196482
804,3.552257054388418
805,10.31824060405425
806,17.832809535972157
807,14.247051498615852
808,15.639146919051212
809,10.14570213153911
810,6.820922636708165
811,3.811092791323759
812,1.6138588646196323
813,1.1826854528171742
814,-0.7922782415976479
815,-6.740470612535439
816,-1.5979182214496217
817,-15.448917882904869
818,-6.139927814792043
819,-5.3334065332962926
820,-3.8240913732383515
821,-13.064491148292364
822,-3.7546837453005653
823,-3.1536932489884997
824,-8.004283838295645
825,2.3754822600457364
826,2.4008855054716767
827,10.118589997206993
828,12.853577539349853
829,13.044636108383395
830,10.021835952497039
831,3.6530780686205704
832,-1.178753529597084
833,-5.228983223157883
834,-6.71976363660536
835,-0.8367890840249381
836,6.0279747091061955
837,2.7067271520898073
838,-0.5997195382207559
839,6.0274534871802565
840,7.8409269986296195
841,4.03033694987764
842,-5.819568556940681
843,-6.203191602785399
844,-5.171641668980584
845,-5.527089823810894
846,-0.9226937722614554
847,9.250536842174771
848,9.031728836308277
849,10.277355873447592
850,13.253360401180428
851,13.747213387068825
852,10.523443335103602
853,1.3167875829604228
854,-4.217511176355258
855,-7.101623453919382
856,-7.636553454839848
857,-8.084186937599556
858,-3.5681648611877637
859,0.8523016701082735
860,-3.4492498264494165
861,-4.993073629113686
862,-2.113932507372711
863,-8.46496650311562
864,-11.08827303740258
865,-10.66947770383424
866,-8.651837817698057
867,-2.9404560115913743
868,3.8822776434159643
869,7.001980114651587
870,10.541998725239052
871,8.825519709664778
872,13.486690974218188
873,7.838235598934304
874,9.601125009493224
875,-9.853900339243916
876,-4.973612994429748
877,-0.7266023774575567
878,-0.7968866231780825
879,-4.403898708386289
880,-3.2883978850213413
881,-1.3361031702480815
882,-0.3583258157797362
883,-2.077146215384297
884,-4.60090773972029
885,-6.9851758717324675
886,-7.391398284910248
887,-5.976234551124145
888,-4.284835633106972
889,-2.2666130180654527
890,3.6595089528790394
891,0.35953635790338945
892,0.689713972428847
893,4.316999385393438
894,3.2861512005125313
895,7.834799977635824
896,4.597377379596538
897,0.2904852493535506
898,-3.286193428229259
899,-0.9951377828705796
900,-9.765899603016505
901,0.031700558349415875
902,-8.235624789306629
903,-3.3366726329954672
904,-6.803319515549812
905,-1.9585034667282
906,0.2027495181945813
907,-11.507121548602909
908,-8.649749670536348
909,-5.875180946181131
910,0.4113997229364659
911,0.941278551777761
912,-5.137822494623482
913,-1.353984506925947
914,-1.5379370837244188
915,3.048334285512274
916,6.75033005848865
917,11.832758404039822
918,6.0041667124093685
919,0.5765754861692458
920,3.262967372731164
921,1.8103857957171459
922,-0.6562045530486944
923,-6.627984969355012
924,-6.550326362216717
925,4.896404240407576
926,-1.9745799724515667
927,0.6072442619375829
928,0.3282962259060256
929,-2.74724036843024
930,-3.5941529997441943
931,-1.548427911405418
932,-1.2978717077036928
933,2.9444964697783407
934,11.05816789296414
935,8.656776315236351
936,15.55896712639948
937,8.399187060711444
938,7.792691995998025
939,7.219303599498096
940,3.0429293623712788
941,3.6991742702444803
942,5.083401693006036
943,4.07466615616094
944,0.265933311836009
945,-5.113231711851014
946,0.848341467410313
947,4.932456463778405
948,1.485294946695903
949,-2.896462775063588
950,0.6649050378687518
951,-6.160232058770434
952,-3.2203405936585323
953,-1.2486243140404696
954,4.329080093834401
955,4.235267165571469
956,6.474520178684432
957,8.737273919626624
958,8.173616780401606
959,8.961099693402192
960,2.6036595601172934
961,-0.717672255011526
962,-2.2386175304363247
963,-5.567188280767493
964,-1.953168971842669
965,0.24449597309803162
966,-12.78715867770331
967,-10.03774549736974
968,-8.056587359051708
969,-10.115709200313503
970,-7.449078618081645
971,-8.126306145669432
972,-4.933003170679386
973,-3.509988447564176
974,-2.775145717999858
975,1.083376471897727
976,6.263598135814145
977,2.7986194463573764
978,1.2853594204462042
979,5.415579312533199
980,7.59790935367295
981,6.986870881746804
982,11.634353003012908
983,0.12717489596642917
984,3.6926237535255546
985,-1.8668491692251403
986,-6.003141057517816
987,-7.31977330189477
988,-4.024450159731337
989,-1.7926297107561067
990,-5.505003099708697
991,-4.587642486119142
992,-0.33300948316060586
993,-2.974516459272161
994,-1.2419138053294656
995,-2.5081694996588046
996,-9.313033847686649
997,-5.526347693092653
998,-5.193301326189358
999,1.2403588194124846
1000,-1.5745705571984443
1001,0.6206678386446653
1002,5.423400288290821
1003,1.1353617202001893
1004,-3.2729432335202753
1005,-1.3728032779707997
1006,-0.9575327732402286
1007,-1.3110136488145914
1008,-2.409849041867528
1009,-2.6694865932675254
1010,-0.8350261770448613
1011,-3.2490277218953336
1012,-3.486771170869389
1013,-1.9013304748644377
1014,-1.1170968605297409
1015,-2.214725273187229
1016,-3.466337228862502
1017,5.3574501091584565
1018,1.5978399512161703
1019,10.635535496899086
1020,12.433370878332545
1021,2.809308619457121
1022,1.2157099207034792
1023,-1.27295468902328
1024,1.623499617167456
1025,1.8340303728782172
1026,0.8703575140451483
1027,3.0988403950942605
1028,2.8055451362020576
1029,0.8101881744506954
1030,0.24442549266007996
1031,-3.016931137322652
1032,-4.969816826617501
1033,-7.973399865054553
1034,-4.343526860453715
1035,-3.9354300776545967
1036,-8.247388147399082
1037,-4.3421068844698265
1038,-2.0862242780132085
1039,3.284308817007654
1040,3.565170538983626
1041,4.0790649293077745
1042,7.341707837648632
1043,14.441723510936562
1044,4.084879791553285
1045,6.465524185141421
1046,0.7639104113316115
1047,3.129974065523289
1048,1.2991276321271839
1049,1.6526244555140315
1050,2.4243453735772635
1051,-6.3396576869733465
1052,-6.4184468980045635
1053,-4.207364564469137
1054,-4.185821410889302
1055,-3.3112729501830183
1056,-1.5535891952175733
1057,-1.8916616774209536
1058,1.7900571111367745
1059,-0.7893051309754462
1060,5.555472346499191
1061,10.823089354817537
1062,15.708939940650456
1063,4.879796791067743
1064,14.236759800932353
1065,12.67773881988307
1066,12.322927446175624
1067,11.098631229458073
1068,12.18523768062718
1069,5.0830612005287605
1070,5.450638098433284
1071,0.19739764845637708
1072,-2.8942027642306902
1073,-4.979631603153859
1074,-6.081228415755428
1075,-5.293083109329542
1076,-6.999622757145913
1077,-8.840225447591255
1078,-8.345413058453266
1079,-9.420791426240598
1080,-13.166585509019047
1081,-8.128134036137755
1082,-6.2876078497478165
1083,-5.626495630893946
1084,-3.6421957508430918
1085,-2.8397545911009345
1086,-3.8236401948551766
1087,1.2317310607096905
1088,-0.5804138772139003
1089,1.280004664722645
1090,0.35123687777436796
1091,0.01737529175216479
1092,3.0478648957966037
1093,-3.8975071425838133
1094,-11.067161495953183
1095,-7.449849523278399
1096,-4.840256547750309
1097,-6.552384586186077
1098,-7.028955401185084
1099,-15.022094147115933
1100,-3.4293527520225484
1101,-23.488610384453246
1102,-13.536315192615952
1103,-7.1117098820210725
1104,-6.051083026764726
1105,0.6393888926360871
1106,5.606043069809801
1107,11.969815471753746
1108,13.372523181696826
1109,13.86787150113926
1110,15.34014977112284
1111,12.118418300109496
1112,6.933461591359499
1113,1.2691980109215901
1114,-2.877937559348092
1115,-0.7852738710444076
1116,2.9506136021921234
1117,2.9114790101932115
1118,6.046037416481669
1119,-0.6731159678051997
1120,2.3646181698767927
1121,-5.499656703604247
1122,-6.748080496218121
1123,-3.0236187051944965
1124,0.05185316386310568
1125,-1.21696845132684
1126,2.3921333577527784
1127,7.339031323686646
1128,9.8387727575325
1129,11.775493035320807
1130,13.4759944309242
1131,11.44600934683093
1132,10.553720508002876
1133,9.120817471300763
1134,5.174007402718569
1135,5.845174513511248
1136,-1.7789907880328673
1137,-4.009786330001082
1138,-4.043907425449229
1139,-2.6182826504953556
1140,0.19269658432072712
1141,3.637998313628264
1142,0.797423995237223
1143,-4.524254470458533
1144,-4.879438791281358
1145,-0.7077452605988035
1146,-4.9100517046778105
1147,-3.4660636980564767
1148,-0.43371393528993396
1149,-2.0730496965956062
1150,-1.0594679387715118
1151,-5.319326348329749
1152,-3.018040107390986
1153,-1.1893730520195382
1154,0.2815676242573222
1155,-2.1769357643310263
1156,-3.7484820910770926
1157,-5.545592960243563
1158,-4.755822585319758
1159,-5.328904122546403
1160,-5.456281938228535
1161,-5.9973324908548955
1162,1.172937838460296
1163,-1.2724814118493621
1164,2.926770899449976
1165,3.073112181618721
1166,-0.7752861576151537
1167,0.41372276509282435
1168,-3.4503048883218153
1169,-1.601927020629737
1170,0.786121100194797
1171,-1.274012953400688
1172,5.564662528901765
1173,-3.4679397000471193
1174,3.2225324202209613
1175,3.911891729776442
1176,-2.9709394092237136
1177,1.227584143187531
1178,2.5438887571356337
1179,-2.591140117710947
1180,3.3878578958538417
1181,5.341627882628232
1182,6.609767516708416
1183,2.058925634310429
1184,1.0721854964212092
1185,11.693312107403122
1186,2.5675492309830736
1187,-2.4076679819117968
1188,0.23233081781891363
1189,2.2981652664842116
1190,2.3264900090302847
1191,-5.150225940494576
1192,-2.233807532935239
1193,1.5911811858424865
1194,-2.4410625881619725
1195,2.0155714333562695
1196,3.329944515382318
1197,8.440989276516673
1198,6.030825072624048
1199,4.008052150226884
1200,-5.110777832653445
1201,-6.3905587693424835
1202,-9.49585090519528
1203,-9.78624444708758
1204,-9.48460255466005
1205,-8.738468528491193
1206,-11.14580106103627
1207,-1.912232030250542
1208,-13.556905192299682
1209,-7.297663329129032
1210,-6.043305940525805
1211,-10.956809399931885
1212,-8.216306714265647
1213,-7.113076377073808
1214,-3.4916681345644003
1215,1.7259657753056934
1216,5.498258519345853
1217,6.232830351621449
1218,8.3831258375175
1219,9.00902121615998
1220,8.249889275747272
1221,-2.003384656941549
1222,3.2446471811506505
1223,-0.629657771359954
1224,-2.4331226489643663
1225,-0.1579574583426191
1226,1.766013603904744
1227,4.036520990366036
1228,0.3137040952274617
1229,2.161126499325743
1230,0.49546401027504317
1231,1.6456170604444424
1232,1.1265163897730588
1233,-0.5420485102015702
1234,4.597808163739913
1235,14.138090615487723
1236,10.232613067330448
1237,14.749052137953186
1238,2.93400485498202
1239,6.15546124721593
1240,8.834722629424906
1241,4.1741823801302465
1242,2.5761026063115136
1243,-0.9902765453938032
1244,-2.8727134175421627
1245,-4.15017493270884
1246,-11.872547559196
1247,-10.59669507770612
1248,-4.42792575809498
1249,-3.7080580487909067
1250,-1.0655938950012955
1251,-7.437744010640619
1252,1.0186194792002492
1253,-9.800214313594882
1254,-5.07471573816861
1255,-1.8978796773577464
1256,4.444433737193892
1257,10.02431021702751
1258,9.425501792652769
1259,5.454314014100772
1260,2.841777009689255
1261,9.361319007941134
1262,2.7633203525544556
1263,3.4005256789097067
1264,8.984436013148613
1265,9.325862393305396
1266,0.6016552372015713
1267,2.57434916458935
1268,-0.8343197558678832
1269,-1.1734169975003206
1270,-0.7377349579919827
1271,-0.11351219264012669
1272,2.425914336403872
1273,3.6416857567934833
1274,-2.2429416843978722
1275,7.447776231521373
1276,-3.0436591429999673
1277,7.3523948903703005
1278,5.7936250533421125
1279,5.117644472227085
1280,6.3550736000460635
1281,-2.3926075106889924
1282,-10.231140921552573
1283,-1.823491158925986
1284,-7.296465900029736
1285,-4.604391668852433
1286,-5.13752659667419
1287,-8.199147761638473
1288,-6.7579730825262505
1289,-12.052649019528927
1290,-17.06773237507697
1291,-13.357829593625679
1292,-9.17625786233851
1293,-7.681477484541931
1294,-8.29799672227475
1295,-12.190730169145578
1296,-16.007933620466503
1297,-14.607960386351687
1298,-8.481663329219101
1299,3.702603499891796
1300,4.4666041350974455
1301,4.191187221180286
1302,5.542863883883171
1303,7.092969415890479
1304,1.8520847287567705
1305,4.1451530052436265
1306,1.136685611331416
1307,3.3604285091497093
1308,5.176474002519089
1309,2.4975576470214493
1310,5.41677037418815
1311,3.9403216312682274
1312,4.461720855344936
1313,0.8750482996456155
1314,-0.8309767213887351
1315,0.17233203131733765
1316,-2.2199282089729913
1317,1.9401666344249449
1318,-2.917818352560166
1319,-2.3313120274592753
1320,4.831094999604992
1321,4.408989810928125
1322,6.535463173618153
1323,6.85120375247754
1324,5.712688528428858
1325,12.017496473681755
1326,8.593907188215468
1327,2.513799605935351
1328,-1.7969969118534839
1329,-0.5538272440382346
1330,-3.962757201876875
1331,3.388251649512505
1332,2.3977295420212643
1333,3.195966351760278
1334,1.2033851604799368
1335,-4.403315927551309
1336,-6.612912724502088
1337,-2.1404058614240267
1338,-0.9756820554471775
1339,-5.452967073498584
1340,-7.911089619796552
1341,-2.4816881592536886
1342,4.817889527784776
1343,10.066042050996609
1344,12.71308984495116
1345,18.817086391666194
1346,16.78276607742201
1347,14.987701297146245
1348,7.82013677435916
1349,5.461621498783096
1350,1.7695148847068625
1351,2.228699561481789
1352,-5.642818223499256
1353,-10.51814488095986
1354,-10.900016402130927
1355,-10.752836493391928
1356,-10.985685591260106
1357,-15.052393757789677
1358,-11.24655069323021
1359,-13.401484943450628
1360,-12.987232003944538
1361,-13.756982483604856
1362,-7.803586320792357
1363,-0.7442144662798995
1364,-3.023155373173915
1365,4.15522402502839
1366,7.1020065847706615
1367,8.329769878884584
1368,15.69496503413977
1369,5.112726905557852
1370,7.737078641892628
1371,2.6272368399782193
1372,1.7978614129225683
1373,-12.250810590763018
1374,-4.178383672118635
1375,-1.0032352754002183
1376,-6.869075018167276
1377,-9.390347974977981
1378,-8.769529638023439
1379,-5.918540518951424
1380,-5.322134121888192
1381,-9.270295892127262
1382,-8.655264829031122
1383,-9.754452492157483
1384,-4.867369054557969
1385,0.8524899546984397
1386,6.630050648728228
1387,10.035865324610267
1388,15.114835606767954
1389,15.920446730041473
1390,6.809638932959789
1391,17.632647719570713
1392,11.513826071042317
1393,9.2114755537687
1394,7.778818407058533
1395,9.712376667467558
1396,-0.8576934317930225
1397,2.95762957646314
1398,-4.315020036782412
1399,-2.117294641189656
1400,-7.09993514032453
1401,-8.618708031889831
1402,-4.326954705044635
1403,-1.5415393010726461
1404,0.130875541541438
1405,1.3536109338412823
1406,4.781950602846727
1407,4.951628887025142
1408,4.720003790475489
1409,4.084496910960776
1410,2.0829701997888472
1411,-1.230409584270016
1412,3.194494084894477
1413,4.541013183456913
1414,0.5153798156993332
1415,1.7864745819953354
1416,-6.523125806107096
1417,-2.5390227355080235
1418,-2.4561366465102252
1419,-6.454692489271706
1420,-6.897960094102687
1421,-3.48095823229448
1422,-0.17351810148708102
1423,1.1384471615259806
1424,1.657006157243648
1425,-0.28341571440003843
1426,-1.724232051102626
1427,0.974067083920949
1428,-3.107786756757704
1429,1.586723763582281
1430,2.510312471561005
1431,1.816649603140835
1432,4.362915110015306
1433,6.493674493145102
1434,-5.226972358026234
1435,1.1272382483651313
1436,-1.7897515641586486
1437,-6.367354725854659
1438,-1.170769866374526
1439,-10.690657759929726
1440,0.5329197890766708
1441,-9.393079166839282
1442,-5.367079896868204
1443,-3.634661286938364
1444,-0.0005387582080795816
1445,-4.827253479108048
1446,-0.31180847340652795
1447,0.16362569575038666
1448,-6.258116496226221
1449,-1.93724344342483
1450,0.2621789774421406
1451,-7.27066505556324
1452,-0.7273462157221213
1453,-4.350413886271717
1454,-3.7623802534704245
1455,8.628488231404091
1456,3.025726778400532
1457,7.514547743382151
1458,1.509275688550286
1459,14.315876122802026
1460,13.46352184804227
1461,-9.171116317210044
1462,11.689493072030556
1463,-23.848315132635406
1464,-11.858856832071375
1465,-19.12244396447348
1466,-7.301194891470619
1467,4.9889592307551105
1468,2.163791640230638
1469,4.307800250671264
1470,14.921941269445414
1471,-5.627485349383139
1472,4.142935033828815
1473,-6.569575717415838
1474,6.289550482746003
1475,3.877414203591697
1476,13.238542537043628
1477,1.3194703068512217
1478,9.578363132398401
1479,3.051079687591308
1480,6.698558310711291
1481,9.143725647364219
1482,4.45858421689914
1483,2.9684367165784398
1484,5.4858593168424195
1485,6.219445218531774
1486,-1.2675844326256618
1487,4.4685835116395625
1488,5.784860434176321
1489,-5.104572346413284
1490,-13.358076149410097
1491,-5.760893644170729
1492,-0.9039415553508308
1493,-2.181668436117869
1494,-6.769745595727481
1495,-10.541541517631039
1496,-11.904008509225108
1497,-2.178879487554002
1498,-1.5333958438930422
1499,-3.3198995274796297
